{
    "classification_report": {
        "0": {
            "precision": 0.9088050314465409,
            "recall": 0.9116719242902208,
            "f1-score": 0.9102362204724409,
            "support": 317.0
        },
        "1": {
            "precision": 0.8119047619047619,
            "recall": 0.6973415132924335,
            "f1-score": 0.7502750275027503,
            "support": 978.0
        },
        "2": {
            "precision": 0.7061446977205154,
            "recall": 0.5905511811023622,
            "f1-score": 0.6431956668923493,
            "support": 2413.0
        },
        "3": {
            "precision": 0.8252499074416882,
            "recall": 0.8117261471230881,
            "f1-score": 0.818432164494217,
            "support": 2746.0
        },
        "4": {
            "precision": 0.8208495793145906,
            "recall": 0.931098696461825,
            "f1-score": 0.8725051804995092,
            "support": 4296.0
        },
        "accuracy": 0.8023255813953488,
        "macro avg": {
            "precision": 0.8145907955656193,
            "recall": 0.7884778924539859,
            "f1-score": 0.7989288519722534,
            "support": 10750.0
        },
        "weighted avg": {
            "precision": 0.7980062554680345,
            "recall": 0.8023255813953488,
            "f1-score": 0.7972132076396004,
            "support": 10750.0
        }
    },
    "cohen_kappa": 0.7194310701385049,
    "quadratic_weighted_kappa": 0.8260925278682154
}